<?xml version="1.0"?>
<!DOCTYPE hibernate-mapping PUBLIC "-//Hibernate/Hibernate Mapping DTD 3.0//EN"
"http://www.hibernate.org/dtd/hibernate-mapping-3.0.dtd">
<!-- Generated 03/07/2018 15:25:02 by Hibernate Tools 4.3.1 -->
<hibernate-mapping>
    <class name="jogos.entity.Emprestimos" table="emprestimos" catalog="jogos" optimistic-lock="version">
        <id name="id" type="int">
            <column name="id" />
            <generator class="assigned" />
        </id>
        <property name="nomeAmigo" type="string">
            <column name="NomeAmigo" length="200" />
        </property>
        <property name="endereco" type="string">
            <column name="Endereco" length="200" />
        </property>
        <property name="nomeJogo" type="string">
            <column name="NomeJogo" length="100" />
        </property>
        <property name="status" type="java.lang.Byte">
            <column name="Status" />
        </property>
        <property name="telefone" type="java.lang.Long">
            <column name="Telefone" />
        </property>
        <property name="dataEmprestimo" type="date">
            <column name="DataEmprestimo" length="10" />
        </property>
    </class>
</hibernate-mapping>
